Duty Period,Name
Sep 14 - Sep 20,林德榜
Sep 14 - Sep 20,曾庆奥
Sep 14 - Sep 20,王启轩
Sep 14 - Sep 20,王徐雨泽
Sep 14 - Sep 20,乔赵睿
Sep 14 - Sep 20,陈琅
Sep 14 - Sep 20,顾宸滔
Sep 14 - Sep 20,董书和
Sep 14 - Sep 20,陈胤皓
Sep 14 - Sep 20,马尧
Sep 21 - Sep 24,陈佳瑞
Sep 21 - Sep 24,梅雨哲
Sep 21 - Sep 24,李佳航
Sep 21 - Sep 24,付知远
Sep 21 - Sep 24,朱昱杭
Sep 21 - Sep 24,黄子谦
Sep 21 - Sep 24,张磊
Sep 21 - Sep 24,袁楠哲
Sep 21 - Sep 24,张浩宇
Sep 21 - Sep 24,张靖轩
Sep 28 - Sep 30 & Oct 8 - Oct 11,张益玮
Sep 28 - Sep 30 & Oct 8 - Oct 11,王骥
Sep 28 - Sep 30 & Oct 8 - Oct 11,王家祺
Sep 28 - Sep 30 & Oct 8 - Oct 11,蒋添天
Sep 28 - Sep 30 & Oct 8 - Oct 11,丁宁
Sep 28 - Sep 30 & Oct 8 - Oct 11,倪宇晗
Sep 28 - Sep 30 & Oct 8 - Oct 11,孙之涵
Sep 28 - Sep 30 & Oct 8 - Oct 11,王梓焱
Sep 28 - Sep 30 & Oct 8 - Oct 11,毕烨
Sep 28 - Sep 30 & Oct 8 - Oct 11,杨靖涵
Oct 12 - Oct 18,周逸轩
Oct 12 - Oct 18,金云扬
Oct 12 - Oct 18,梁皓然
Oct 12 - Oct 18,陈韬宇
Oct 12 - Oct 18,陈子益
Oct 12 - Oct 18,曾星梓
Oct 12 - Oct 18,张颢骞
Oct 12 - Oct 18,夏逸
Oct 12 - Oct 18,赵佐韩
Oct 12 - Oct 18,潘一笑
Oct 19 - Oct 25,秦子豪
Oct 19 - Oct 25,汪扬
Oct 19 - Oct 25,彭博文
Oct 19 - Oct 25,王剑鸿
Oct 19 - Oct 25,金俊泽
Oct 19 - Oct 25,孙雨泽
Oct 19 - Oct 25,刘家明
Oct 19 - Oct 25,徐章涵
Oct 19 - Oct 25,秦子晗
Oct 19 - Oct 25,陈高逸
Oct 26 - Nov 1,黄昱翀
Oct 26 - Nov 1,方劭洵
Oct 26 - Nov 1,金彦伶
Oct 26 - Nov 1,ZUBEN ALGENUBI JORAJURIA MENDOZA
Oct 26 - Nov 1,旷萱
Oct 26 - Nov 1,王绎如
Oct 26 - Nov 1,李雨昕
Oct 26 - Nov 1,金海昕
Oct 26 - Nov 1,章祖豪
Oct 26 - Nov 1,沈放
Nov 2 - Nov 8,李欣宜
Nov 2 - Nov 8,杨梓萱
Nov 2 - Nov 8,过品睿
Nov 2 - Nov 8,黄亦瑄
Nov 2 - Nov 8,ALEX JI
Nov 2 - Nov 8,廉竣棋
Nov 2 - Nov 8,HALO ANN CORGIAT
Nov 2 - Nov 8,戴势坤
Nov 2 - Nov 8,项延皓
Nov 2 - Nov 8,张立扬
Nov 9 - Nov 15,杜佳嘉
Nov 9 - Nov 15,付佳贤
Nov 9 - Nov 15,郭映汝
Nov 9 - Nov 15,姜泽坤
Nov 9 - Nov 15,李依依
Nov 9 - Nov 15,DANIIL GOLENOK
Nov 9 - Nov 15,刘名阳
Nov 9 - Nov 15,刘培锦
Nov 9 - Nov 15,朱文楠
Nov 9 - Nov 15,袁嘉骏
Nov 16 - Nov 22,罗婉瑜
Nov 16 - Nov 22,潘宇轩
Nov 16 - Nov 22,谢一成
Nov 16 - Nov 22,于今昔
Nov 16 - Nov 22,张津睿
Nov 16 - Nov 22,朱晋辉
Nov 16 - Nov 22,陈劲帆
Nov 16 - Nov 22,蔡恩羽
Nov 16 - Nov 22,林家乐
Nov 16 - Nov 22,钱浩然
Nov 23 - Nov 29,项棋
Nov 23 - Nov 29,邓羡
Nov 23 - Nov 29,瞿梓廷
Nov 23 - Nov 29,朱曦
Nov 23 - Nov 29,章锦泠
Nov 23 - Nov 29,赵俊朔
Nov 23 - Nov 29,毛一航
Nov 23 - Nov 29,石云天
Nov 23 - Nov 29,俞逸骁
Nov 23 - Nov 29,杭之涵
Nov 30 - Dec 6,刘嘉豪
Nov 30 - Dec 6,冯知远
Nov 30 - Dec 6,薛杰特
Nov 30 - Dec 6,施嘉名
Nov 30 - Dec 6,孙戬骏
Nov 30 - Dec 6,周银宇
Nov 30 - Dec 6,汪瑜博
Nov 30 - Dec 6,郏浩翔
Nov 30 - Dec 6,周天政
Nov 30 - Dec 6,王良昊
Dec 7 - Dec 13,刘宇轩
Dec 7 - Dec 13,徐云浩
Dec 7 - Dec 13,施皓睿
Dec 7 - Dec 13,徐嘉吕
Dec 7 - Dec 13,屠永乐
Dec 7 - Dec 13,张居浩
Dec 7 - Dec 13,郑雨田
Dec 7 - Dec 13,吴昀知
Dec 7 - Dec 13,管天雨
Dec 7 - Dec 13,周宏宇
Dec 14 - Dec 20,蔡筱瑶
Dec 14 - Dec 20,陈海涛
Dec 14 - Dec 20,王立思
Dec 14 - Dec 20,袁王梓
Dec 14 - Dec 20,杨轩
Dec 14 - Dec 20,岑禹希
Dec 14 - Dec 20,邵毅杰
Dec 14 - Dec 20,罗衍策
Dec 14 - Dec 20,李翼
Dec 14 - Dec 20,HOWARD ZHUANG
Dec 21 - Dec 27,吴思达
Dec 21 - Dec 27,陈宝桦
Dec 21 - Dec 27,任晓地
Dec 21 - Dec 27,李明博
Dec 21 - Dec 27,魏子乔
Dec 21 - Dec 27,尹志胜
Dec 21 - Dec 27,倪彬翔
Dec 21 - Dec 27,BENJAMIN JAMES HARVEY
Dec 21 - Dec 27,曹靖浩
Dec 21 - Dec 27,CALLIE ANNE PRICE
Dec 28 - Jan 3,MUHAMMAD HOSAM ELDIN EL-SHERBINY
Dec 28 - Jan 3,段晓建
Dec 28 - Jan 3,李晨宇
Dec 28 - Jan 3,刘佳庚
Dec 28 - Jan 3,王文锦
Dec 28 - Jan 3,钟义翔
Dec 28 - Jan 3,姜昕彤
Dec 28 - Jan 3,梁紫妍
Dec 28 - Jan 3,余礼涛
Jan 4 - Jan 10,卢瑞欣
Jan 4 - Jan 10,宋宗冰
Jan 4 - Jan 10,唐钰涵
Jan 4 - Jan 10,王苒伊
Jan 4 - Jan 10,王睿贤
Jan 4 - Jan 10,肖亦舒
Jan 4 - Jan 10,周安雯
Jan 4 - Jan 10,周琦馨
Jan 4 - Jan 10,戴哲宁
